Workbook

Sheet 预期
A1: 文件名 | B1: 发票代码 | C1: 发票号码 | D1: 开票日期 | E1: 销方名称 | F1: 销方税号 | G1: 购方名称 | H1: 金额 | I1: 税率 | J1: 税额 | K1: 价税合计 | L1: 预期结果 | M1: 预期原因
A2: error_tax_amount | B2: 110102345678 | C2: 87654321 | D2: 45432 | E2: 北京恒信办公设备有限公司 | F2: 91110105MA0A9B8C7D | G2: 北京星云科技有限公司 | H2: 20000 | I2: 0.13 | J2: 2500 | K2: 22500 | L2: 异常 | M2: 税额不符
A3: error_duplicate | B3: 1100143160 | C3: 01234567 | D3: 45430 | E3: 天津卓信办公科技有限公司 | F3: 91120116MA7D9H2R3U | G3: 北京星云科技有限公司 | H3: 8320 | I3: 0.13 | J3: 1081.6 | K3: 9401.6 | L3: 异常 | M3: 号码重复
A4: error_total | B4: 2024060201 | C4: 2024060201 | D4: 45427 | E4: 上海启越办公设备有限公司 | F4: 91310115MA7654321X | G4: 北京星云科技有限公司 | H4: 18000 | I4: 0.13 | J4: 2340 | K4: 20100 | L4: 异常 | M4: 价税合计不符
A5: error_tax_rate | B5: 2024060202 | C5: 2024060202 | D5: 45428 | E5: 苏州博远电子有限公司 | F5: 91320594MA7D3C8P1K | G5: 北京星云科技有限公司 | H5: 13000 | I5: 0.12 | J5: 1560 | K5: 14560 | L5: 异常 | M5: 税率非法
A6: normal_rotated | B6: 1100143160 | C6: 01234576 | D6: 45428 | E6: 上海智创信息技术有限公司 | F6: 91310115MA7D8E9F0G | G6: 北京星云科技有限公司 | H6: 84905.66 | I6: 0.06 | J6: 5094.34 | K6: 90000 | L6: 通过
A7: normal_1 | B7: 1100143160 | C7: 01234567 | D7: 45432 | E7: 上海远景办公设备有限公司 | F7: 91310115MA1F2G3H4J | G7: 北京星云科技有限公司 | H7: 46200 | I7: 0.13 | J7: 6006 | K7: 52206 | L7: 通过
A8: normal_2 | B8: 1100143168 | C8: 01234575 | D8: 45439 | E8: 北京筑诚工程服务有限公司 | F8: 91110108MA0B7C8D9E | G8: 北京星云科技有限公司 | H8: 30000 | I8: 0.09 | J8: 2700 | K8: 32700 | L8: 通过
A9: normal_3 | B9: 1100143161 | C9: 01234568 | D9: 45418 | E9: 苏州卓信家具有限公司 | F9: 91320594MA3Q7B2L8K | G9: 北京星云科技有限公司 | H9: 16320 | I9: 0.13 | J9: 2121.6 | K9: 18441.6 | L9: 通过
A10: normal_4 | B10: 1100143162 | C10: 01234569 | D10: 45420 | E10: 北京筑诚工程服务有限公司 | F10: 91110108MA0B7C8D9E | G10: 北京星云科技有限公司 | H10: 40000 | I10: 0.09 | J10: 3600 | K10: 43600 | L10: 通过
A11: normal_5 | B11: 1100143163 | C11: 01234570 | D11: 45422 | E11: 广州云衡信息技术有限公司 | F11: 91440101MA5CL8D27H | G11: 北京星云科技有限公司 | H11: 18800 | I11: 0.06 | J11: 1128 | K11: 19928 | L11: 通过
A12: normal_6 | B12: 1100143164 | C12: 01234571 | D12: 45425 | E12: 深圳恒瑞办公耗材有限公司 | F12: 91440300MA5K1L2M3N | G12: 北京星云科技有限公司 | H12: 16450 | I12: 0.13 | J12: 2138.5 | K12: 18588.5 | L12: 通过
A13: normal_7 | B13: 1100143165 | C13: 01234572 | D13: 45427 | E13: 天津安厦建筑工程有限公司 | F13: 91120116MA06P3K9H2 | G13: 北京星云科技有限公司 | H13: 26500 | I13: 0.09 | J13: 2385 | K13: 28885 | L13: 通过
A14: normal_8 | B14: 1100143166 | C14: 01234573 | D14: 45430 | E14: 杭州智维咨询科技有限公司 | F14: 91330109MA2B1C3D4E | G14: 北京星云科技有限公司 | H14: 23000 | I14: 0.06 | J14: 1380 | K14: 24380 | L14: 通过
A15: normal_9 | B15: 1100143167 | C15: 01234574 | D15: 45434 | E15: 宁波启航数码设备有限公司 | F15: 91330212MA2J5K6L7M | G15: 北京星云科技有限公司 | H15: 25200 | I15: 0.13 | J15: 3276 | K15: 28476 | L15: 通过
A16: normal_10 | B16: 1100143160 | C16: 01234568 | D16: 45427 | E16: 北京华创办公设备有限公司 | F16: 91110115MA2B3C4D5E | G16: 北京星云科技有限公司 | H16: 13200 | I16: 0.13 | J16: 1716 | K16: 14916 | L16: 通过

Sheet 实际
A1: =预期!A1 -> 文件名 | B1: =预期!B1 -> 发票代码 | C1: =预期!C1 -> 发票号码 | D1: =预期!D1 -> 开票日期 | E1: =预期!E1 -> 销方名称 | F1: =预期!F1 -> 销方税号 | G1: =预期!G1 -> 购方名称 | H1: =预期!H1 -> 金额 | ... K1: =预期!K1 -> 价税合计 | L1: 实际status | M1: 实际reason
A2: =预期!A2 -> error_tax_amount | B2: 110102345678 | C2: 87654321 | D2: 45432 | E2: 北京恒信办公设备有限公司 | F2: 91110105MA0A9B8C7D | G2: 北京星云科技有限公司 | H2: 20000 | I2: 0.13 | J2: 2500 | K2: 22500 | L2: 异常 | M2: 税额不符
A3: =预期!A3 -> error_duplicate | B3: 1100143160 | C3: 01234567 | D3: 45430 | E3: 天津卓信办公科技有限公司 | F3: 91120116MA7D9H2R3U | G3: 北京星云科技有限公司 | H3: 8320 | I3: 0.13 | J3: 1081.6 | K3: 9401.6 | L3: 异常 | M3: 号码重复
A4: =预期!A4 -> error_total | B4: 2024060201 | C4: 2024060201 | D4: 45427 | E4: 上海启越办公设备有限公司 | F4: 91310115MA7654321X | G4: 北京星云科技有限公司 | H4: 18000 | I4: 0.13 | J4: 2340 | K4: 20100 | L4: 异常 | M4: 价税合计不符
A5: =预期!A5 -> error_tax_rate | B5: 2024060202 | C5: 2024060202 | D5: 45428 | E5: 苏州博远电子有限公司 | F5: 91320594MA7D3C8P1K | G5: 北京星云科技有限公司 | H5: 13000 | I5: 0.12 | J5: 1560 | K5: 14560 | L5: 异常 | M5: 税率非法
A6: =预期!A6 -> normal_rotated | B6: 1100143160 | C6: 01234576 | D6: 45428 | E6: 上海智创信息技术有限公司 | F6: 91310115MA7D8E9F0G | G6: 北京星云科技有限公司 | H6: 84905.66 | I6: 0.06 | J6: 5094.34 | K6: 90000 | L6: 通过
A7: =预期!A7 -> normal_1 | B7: 1100143160 | C7: 01234567 | D7: 45432 | E7: 上海远景办公设备有限公司 | F7: 91310115MA1F2G3H4J | G7: 北京星云科技有限公司 | H7: 46200 | I7: 0.13 | J7: 6006 | K7: 52206 | L7: 通过
A8: =预期!A8 -> normal_2 | B8: 1100143168 | C8: 01234575 | D8: 45439 | E8: 北京筑诚工程服务有限公司 | F8: 91110108MA0B7C8D9E | G8: 北京星云科技有限公司 | H8: 30000 | I8: 0.09 | J8: 2700 | K8: 32700 | L8: 通过
A9: =预期!A9 -> normal_3 | B9: 1100143161 | C9: 01234568 | D9: 45418 | E9: 苏州卓信家具有限公司 | F9: 91320594MA3Q7B2L8K | G9: 北京星云科技有限公司 | H9: 16320 | I9: 0.13 | J9: 2121.6 | K9: 18441.6 | L9: 通过
A10: =预期!A10 -> normal_4 | B10: 1100143162 | C10: 01234569 | D10: 45420 | E10: 北京筑诚工程服务有限公司 | F10: 91110108MA0B7C8D9E | G10: 北京星云科技有限公司 | H10: 40000 | I10: 0.09 | J10: 3600 | K10: 43600 | L10: 通过
A11: =预期!A11 -> normal_5 | B11: 1100143163 | C11: 01234570 | D11: 45422 | E11: 广州云衡信息技术有限公司 | F11: 91440101MA5CL8D27H | G11: 北京星云科技有限公司 | H11: 18800 | I11: 0.06 | J11: 1128 | K11: 19928 | L11: 通过
A12: =预期!A12 -> normal_6 | B12: 1100143164 | C12: 01234571 | D12: 45425 | E12: 深圳恒瑞办公耗材有限公司 | F12: 91440300MA5K1L2M3N | G12: 北京星云科技有限公司 | H12: 16450 | I12: 0.13 | J12: 2138.5 | K12: 18588.5 | L12: 通过
A13: =预期!A13 -> normal_7 | B13: 1100143165 | C13: 01234572 | D13: 45427 | E13: 天津安厦建筑工程有限公司 | F13: 91120116MA06P3K9H2 | G13: 北京星云科技有限公司 | H13: 26500 | I13: 0.09 | J13: 2385 | K13: 28885 | L13: 通过
A14: =预期!A14 -> normal_8 | B14: 1100143166 | C14: 01234573 | D14: 45430 | E14: 杭州智维咨询科技有限公司 | F14: 91330109MA2B1C3D4E | G14: 北京星云科技有限公司 | H14: 23000 | I14: 0.06 | J14: 1380 | K14: 24380 | L14: 通过
A15: =预期!A15 -> normal_9 | B15: 1100143167 | C15: 01234574 | D15: 45434 | E15: 宁波启航数码设备有限公司 | F15: 91330212MA2J5K6L7M | G15: 北京星云科技有限公司 | H15: 25200 | I15: 0.13 | J15: 3276 | K15: 28476 | L15: 通过
A16: =预期!A16 -> normal_10 | B16: 1100143160 | C16: 01234568 | D16: 45427 | E16: 北京华创办公设备有限公司 | F16: 91110115MA2B3C4D5E | G16: 北京星云科技有限公司 | H16: 13200 | I16: 0.13 | J16: 1716 | K16: 14916 | L16: 通过

Sheet 对比
A4: =实际!A1 -> 文件名 | B4: =实际!B1 -> 发票代码 | C4: =实际!C1 -> 发票号码 | D4: =实际!D1 -> 开票日期 | E4: =实际!E1 -> 销方名称 | F4: =实际!F1 -> 销方税号 | G4: =实际!G1 -> 购方名称 | H4: =实际!H1 -> 金额 | ... L4: =实际!L1 -> 实际status
A5: =实际!A2 -> error_tax_amount | B5: =IF(预期!B2=实际!B2,1,0) -> 1 | C5: =IF(预期!C2=实际!C2,1,0) -> 1 | D5: =IF(预期!D2=实际!D2,1,0) -> 1 | E5: =IF(预期!E2=实际!E2,1,0) -> 1 | F5: =IF(预期!F2=实际!F2,1,0) -> 1 | G5: =IF(预期!G2=实际!G2,1,0) -> 1 | H5: =IF(预期!H2=实际!H2,1,0) -> 1 | I5: =IF(预期!I2=实际!I2,1,0) -> 1 | ... L5: =IF(预期!L2=实际!L2,1,0) -> 1
A6: =实际!A3 -> error_duplicate | B6: =IF(预期!B3=实际!B3,1,0) -> 1 | C6: =IF(预期!C3=实际!C3,1,0) -> 1 | D6: =IF(预期!D3=实际!D3,1,0) -> 1 | E6: =IF(预期!E3=实际!E3,1,0) -> 1 | F6: =IF(预期!F3=实际!F3,1,0) -> 1 | G6: =IF(预期!G3=实际!G3,1,0) -> 1 | H6: =IF(预期!H3=实际!H3,1,0) -> 1 | I6: =IF(预期!I3=实际!I3,1,0) -> 1 | ... L6: =IF(预期!L3=实际!L3,1,0) -> 1
A7: =实际!A4 -> error_total | B7: =IF(预期!B4=实际!B4,1,0) -> 1 | C7: =IF(预期!C4=实际!C4,1,0) -> 1 | D7: =IF(预期!D4=实际!D4,1,0) -> 1 | E7: =IF(预期!E4=实际!E4,1,0) -> 1 | F7: =IF(预期!F4=实际!F4,1,0) -> 1 | G7: =IF(预期!G4=实际!G4,1,0) -> 1 | H7: =IF(预期!H4=实际!H4,1,0) -> 1 | I7: =IF(预期!I4=实际!I4,1,0) -> 1 | ... L7: =IF(预期!L4=实际!L4,1,0) -> 1
A8: =实际!A5 -> error_tax_rate | B8: =IF(预期!B5=实际!B5,1,0) -> 1 | C8: =IF(预期!C5=实际!C5,1,0) -> 1 | D8: =IF(预期!D5=实际!D5,1,0) -> 1 | E8: =IF(预期!E5=实际!E5,1,0) -> 1 | F8: =IF(预期!F5=实际!F5,1,0) -> 1 | G8: =IF(预期!G5=实际!G5,1,0) -> 1 | H8: =IF(预期!H5=实际!H5,1,0) -> 1 | I8: =IF(预期!I5=实际!I5,1,0) -> 1 | ... L8: =IF(预期!L5=实际!L5,1,0) -> 1
A9: =实际!A6 -> normal_rotated | B9: =IF(预期!B6=实际!B6,1,0) -> 1 | C9: =IF(预期!C6=实际!C6,1,0) -> 1 | D9: =IF(预期!D6=实际!D6,1,0) -> 1 | E9: =IF(预期!E6=实际!E6,1,0) -> 1 | F9: =IF(预期!F6=实际!F6,1,0) -> 1 | G9: =IF(预期!G6=实际!G6,1,0) -> 1 | H9: =IF(预期!H6=实际!H6,1,0) -> 1 | I9: =IF(预期!I6=实际!I6,1,0) -> 1 | ... L9: =IF(预期!L6=实际!L6,1,0) -> 1
A10: =实际!A7 -> normal_1 | B10: =IF(预期!B7=实际!B7,1,0) -> 1 | C10: =IF(预期!C7=实际!C7,1,0) -> 1 | D10: =IF(预期!D7=实际!D7,1,0) -> 1 | E10: =IF(预期!E7=实际!E7,1,0) -> 1 | F10: =IF(预期!F7=实际!F7,1,0) -> 1 | G10: =IF(预期!G7=实际!G7,1,0) -> 1 | H10: =IF(预期!H7=实际!H7,1,0) -> 1 | I10: =IF(预期!I7=实际!I7,1,0) -> 1 | ... L10: =IF(预期!L7=实际!L7,1,0) -> 1
A11: =实际!A8 -> normal_2 | B11: =IF(预期!B8=实际!B8,1,0) -> 1 | C11: =IF(预期!C8=实际!C8,1,0) -> 1 | D11: =IF(预期!D8=实际!D8,1,0) -> 1 | E11: =IF(预期!E8=实际!E8,1,0) -> 1 | F11: =IF(预期!F8=实际!F8,1,0) -> 1 | G11: =IF(预期!G8=实际!G8,1,0) -> 1 | H11: =IF(预期!H8=实际!H8,1,0) -> 1 | I11: =IF(预期!I8=实际!I8,1,0) -> 1 | ... L11: =IF(预期!L8=实际!L8,1,0) -> 1
A12: =实际!A9 -> normal_3 | B12: =IF(预期!B9=实际!B9,1,0) -> 1 | C12: =IF(预期!C9=实际!C9,1,0) -> 1 | D12: =IF(预期!D9=实际!D9,1,0) -> 1 | E12: =IF(预期!E9=实际!E9,1,0) -> 1 | F12: =IF(预期!F9=实际!F9,1,0) -> 1 | G12: =IF(预期!G9=实际!G9,1,0) -> 1 | H12: =IF(预期!H9=实际!H9,1,0) -> 1 | I12: =IF(预期!I9=实际!I9,1,0) -> 1 | ... L12: =IF(预期!L9=实际!L9,1,0) -> 1
A13: =实际!A10 -> normal_4 | B13: =IF(预期!B10=实际!B10,1,0) -> 1 | C13: =IF(预期!C10=实际!C10,1,0) -> 1 | D13: =IF(预期!D10=实际!D10,1,0) -> 1 | E13: =IF(预期!E10=实际!E10,1,0) -> 1 | F13: =IF(预期!F10=实际!F10,1,0) -> 1 | G13: =IF(预期!G10=实际!G10,1,0) -> 1 | H13: =IF(预期!H10=实际!H10,1,0) -> 1 | I13: =IF(预期!I10=实际!I10,1,0) -> 1 | ... L13: =IF(预期!L10=实际!L10,1,0) -> 1
A14: =实际!A11 -> normal_5 | B14: =IF(预期!B11=实际!B11,1,0) -> 1 | C14: =IF(预期!C11=实际!C11,1,0) -> 1 | D14: =IF(预期!D11=实际!D11,1,0) -> 1 | E14: =IF(预期!E11=实际!E11,1,0) -> 1 | F14: =IF(预期!F11=实际!F11,1,0) -> 1 | G14: =IF(预期!G11=实际!G11,1,0) -> 1 | H14: =IF(预期!H11=实际!H11,1,0) -> 1 | I14: =IF(预期!I11=实际!I11,1,0) -> 1 | ... L14: =IF(预期!L11=实际!L11,1,0) -> 1
A15: =实际!A12 -> normal_6 | B15: =IF(预期!B12=实际!B12,1,0) -> 1 | C15: =IF(预期!C12=实际!C12,1,0) -> 1 | D15: =IF(预期!D12=实际!D12,1,0) -> 1 | E15: =IF(预期!E12=实际!E12,1,0) -> 1 | F15: =IF(预期!F12=实际!F12,1,0) -> 1 | G15: =IF(预期!G12=实际!G12,1,0) -> 1 | H15: =IF(预期!H12=实际!H12,1,0) -> 1 | I15: =IF(预期!I12=实际!I12,1,0) -> 1 | ... L15: =IF(预期!L12=实际!L12,1,0) -> 1
A16: =实际!A13 -> normal_7 | B16: =IF(预期!B13=实际!B13,1,0) -> 1 | C16: =IF(预期!C13=实际!C13,1,0) -> 1 | D16: =IF(预期!D13=实际!D13,1,0) -> 1 | E16: =IF(预期!E13=实际!E13,1,0) -> 1 | F16: =IF(预期!F13=实际!F13,1,0) -> 1 | G16: =IF(预期!G13=实际!G13,1,0) -> 1 | H16: =IF(预期!H13=实际!H13,1,0) -> 1 | I16: =IF(预期!I13=实际!I13,1,0) -> 1 | ... L16: =IF(预期!L13=实际!L13,1,0) -> 1
... A19: =实际!A16 -> normal_10 | B19: =IF(预期!B16=实际!B16,1,0) -> 1 | C19: =IF(预期!C16=实际!C16,1,0) -> 1 | D19: =IF(预期!D16=实际!D16,1,0) -> 1 | E19: =IF(预期!E16=实际!E16,1,0) -> 1 | F19: =IF(预期!F16=实际!F16,1,0) -> 1 | G19: =IF(预期!G16=实际!G16,1,0) -> 1 | H19: =IF(预期!H16=实际!H16,1,0) -> 1 | I19: =IF(预期!I16=实际!I16,1,0) -> 1 | ... L19: =IF(预期!L16=实际!L16,1,0) -> 1

Sheet 统计
A1: 指标 | B1: 计算结果
A2: 字段提取准确率 | B2: =SUM(对比!B5:K19)/150 -> 1
A3: 错票拦截率 | B3: =SUM(对比!L5:L8)/4 -> 1
A4: 正常票误拦数 | B4: =1-SUM(对比!L9:L19)/11 -> 0
